{"cameraMode":{"drawMode":0,"name":"Shaded","section":"Shading Mode"},"sceneLighting":false,"audioPlay":false,"sceneViewState":{"m_AlwaysRefresh":false,"showFog":true,"showSkybox":true,"showFlares":true,"showImageEffects":true,"showParticleSystems":true,"showVisualEffectGraphs":true,"m_FxEnabled":true},"in2DMode":false,"pivot":{"x":83.43111419677735,"y":7.018861770629883,"z":26.158103942871095},"rotation":{"x":0.14429795742034913,"y":-0.03561504930257797,"z":0.005196831189095974,"w":0.9888819456100464},"size":523.0256958007813,"orthographic":false}